train_loss,epoch,step,val_loss
0.9523281455039978,0,49,
0.9862809181213379,0,99,
,0,99,1.037158727645874
1.3045499324798584,1,149,
0.9783910512924194,1,199,
,1,199,1.0400595664978027
