epoch,step,train_acc,train_loss
0,15,0.4375,1.06703782081604
0,31,0.5625,0.8757102489471436
0,47,0.59375,0.9615622758865356
0,63,0.59375,0.9662045836448669
