step,train_loss,epoch,val_loss
49,0.9656561613082886,0,
99,1.0027315616607666,0,
99,,0,1.036520004272461
