epoch,train_loss,step,val_loss
0,0.8957191705703735,49,
0,1.0170135498046875,99,
0,,99,1.036339282989502
1,1.1475162506103516,149,
1,0.9946312308311462,199,
1,,199,1.0383187532424927
