step,train_loss,epoch,val_loss
49,0.9393290281295776,0,
99,0.9859890937805176,0,
99,,0,1.0387628078460693
