epoch,train_loss,step,val_loss
0,0.9986516833305359,49,
0,0.9672860503196716,99,
0,,99,1.0401626825332642
