train_soft_loss,train_loss,epoch,step
0.2962559163570404,0.2962559163570404,0,15
