val_loss,step,epoch,val_acc
1.6035282611846924,0,0,0.4375
4.622452259063721,1,1,0.09375
